{
   "dashboards": [{
      "autoswitchEnabled": false,
      "columnCount": 1,
      "columnProportion": "1",
      "creationTime": 1565026413332,
      "dashboardNavigations": {},
      "description": "",
      "disabled": false,
      "gridsterMaxColumns": 12,
      "hidden": false,
      "homeTab": false,
      "id": "375529ce-b165-49c6-be2b-2f8c4f17acd6",
      "importAttempts": 0,
      "importComplete": true,
      "isDefault": false,
      "locked": false,
      "name": "VMware Distributed Virtual Switch Performance",
      "rank": 79,
      "shared": false,
      "states": [],
      "temporary": false,
      "userId": "85be5860-f839-4bdb-a01f-2f2a8ab43174",
      "widgetInteractions": [
         {
            "type": "resourceId",
            "widgetIdProvider": "e99b3fec-5a50-4af1-b38a-773fc7672f22",
            "widgetIdReceiver": "d45c6524-9459-4aaf-9d8b-7a0fc54627a5"
         },
         {
            "type": "resourceId",
            "widgetIdProvider": "e99b3fec-5a50-4af1-b38a-773fc7672f22",
            "widgetIdReceiver": "aefefa27-9c52-40d2-a0ca-2f8f4ec54c1f"
         },
         {
            "type": "resourceId",
            "widgetIdProvider": "e99b3fec-5a50-4af1-b38a-773fc7672f22",
            "widgetIdReceiver": "c8d4e683-5a0a-43fa-8af7-44b9c9efdc68"
         },
         {
            "type": "resourceId",
            "widgetIdProvider": "c8d4e683-5a0a-43fa-8af7-44b9c9efdc68",
            "widgetIdReceiver": "305e9c05-9278-43df-9be9-73a06f03d477"
         },
         {
            "type": "resourceId",
            "widgetIdProvider": "c8d4e683-5a0a-43fa-8af7-44b9c9efdc68",
            "widgetIdReceiver": "41833c8a-c026-4bf5-b134-fc24aca6d6c0"
         },
         {
            "type": "resourceId",
            "widgetIdProvider": "e99b3fec-5a50-4af1-b38a-773fc7672f22",
            "widgetIdReceiver": "5a28fda5-cb17-4552-8fad-b8e5efa1a637"
         },
         {
            "type": "resourceId",
            "widgetIdProvider": "e99b3fec-5a50-4af1-b38a-773fc7672f22",
            "widgetIdReceiver": "ff4ccb98-c0f6-49e6-8268-9dc49a26241e"
         },
         {
            "type": "resourceId",
            "widgetIdProvider": "e99b3fec-5a50-4af1-b38a-773fc7672f22",
            "widgetIdReceiver": "079d9c4e-afa0-4943-886e-7bda45554106"
         },
         {
            "type": "resourceId",
            "widgetIdProvider": "e99b3fec-5a50-4af1-b38a-773fc7672f22",
            "widgetIdReceiver": "c445efdd-9cc7-49a3-81e6-56fecfb29d4a"
         }
      ],
      "widgets": [
         {
            "collapsed": false,
            "config": {
               "chartViewItems": [],
               "isUpdatedView": true,
               "refreshContent": {"refreshContent": true},
               "refreshInterval": 300,
               "resource": {
                  "id": "Ext.vcops.chrome.model.Resource-6",
                  "resourceId": "resource:id:0_::_",
                  "resourceKindId": "002006VMWAREvSphere World",
                  "resourceName": "vSphere World",
                  "traversalSpecId": ""
               },
               "selectFirstRow": {"selectFirstRow": true},
               "selfProvider": {"selfProvider": true},
               "title": "VDS List",
               "traversalSpecId": null,
               "viewDefinitionId": "fc3a246e-79e3-4a93-9028-f7591c2ed648"
            },
            "gridsterCoords": {
               "h": 6,
               "w": 4,
               "x": 1,
               "y": 1
            },
            "height": 324,
            "id": "e99b3fec-5a50-4af1-b38a-773fc7672f22",
            "states": [{
               "key": "perm_toolbarVisible_widget_375529ce-b165-49c6-be2b-2f8c4f17acd6_e99b3fec-5a50-4af1-b38a-773fc7672f22",
               "value": "b%3A1"
            }],
            "title": "VDS List",
            "type": "View"
         },
         {
            "collapsed": false,
            "config": {
               "boxColumns": 2,
               "boxHeight": null,
               "customFilter": {
                  "excludedResources": null,
                  "filter": [],
                  "includedResources": null
               },
               "depth": 1,
               "labelSize": 16,
               "maxCellCount": 100,
               "metric": {
                  "mode": "resourceKind",
                  "resourceKindMetrics": [
                     {
                        "colorMethod": 1,
                        "id": "extModel13882-1",
                        "isStringMetric": false,
                        "label": "Max Egress Traffic",
                        "link": "",
                        "metricKey": "network|port_statistics|maxObserved_tx_bytes",
                        "metricName": "Network|Port Statistics|Max Observed Egress Traffic",
                        "metricUnitId": -1,
                        "orangeBound": null,
                        "redBound": null,
                        "resourceKindId": "resourceKind:id:0_::_",
                        "resourceKindName": "vSphere Distributed Switch",
                        "unit": "Auto",
                        "yellowBound": null
                     },
                     {
                        "colorMethod": 1,
                        "id": "extModel13882-2",
                        "isStringMetric": false,
                        "label": "Max Ingress Traffic",
                        "link": "",
                        "metricKey": "network|port_statistics|maxObserved_rx_bytes",
                        "metricName": "Network|Port Statistics|Max Observed Ingress Traffic",
                        "metricUnitId": -1,
                        "orangeBound": null,
                        "redBound": null,
                        "resourceKindId": "resourceKind:id:0_::_",
                        "resourceKindName": "vSphere Distributed Switch",
                        "unit": "Auto",
                        "yellowBound": null
                     },
                     {
                        "colorMethod": 1,
                        "id": "extModel13882-3",
                        "isStringMetric": false,
                        "label": "Max Port Utilization",
                        "link": "",
                        "metricKey": "network|port_statistics|maxObserved_utilization",
                        "metricName": "Network|Port Statistics|Max Observed Utilization",
                        "metricUnitId": -1,
                        "orangeBound": null,
                        "redBound": null,
                        "resourceKindId": "resourceKind:id:0_::_",
                        "resourceKindName": "vSphere Distributed Switch",
                        "unit": "Auto",
                        "yellowBound": null
                     },
                     {
                        "colorMethod": 1,
                        "id": "extModel13882-4",
                        "isStringMetric": false,
                        "label": "Max Port Number",
                        "link": "",
                        "metricKey": "summary|max_num_ports",
                        "metricName": "Summary|Maximum Number of Ports",
                        "metricUnitId": null,
                        "orangeBound": null,
                        "redBound": null,
                        "resourceKindId": "resourceKind:id:0_::_",
                        "resourceKindName": "vSphere Distributed Switch",
                        "unit": null,
                        "yellowBound": null
                     }
                  ],
                  "resourceMetrics": [],
                  "subMode": "resourceKindAll"
               },
               "mode": {"layoutMode": "fixedView"},
               "oldMetricValues": false,
               "periodLength": null,
               "refreshContent": {"refreshContent": false},
               "refreshInterval": 300,
               "relationshipMode": {"relationshipMode": 0},
               "resInteractionMode": null,
               "resource": [],
               "roundDecimals": null,
               "selfProvider": {"selfProvider": false},
               "showDT": {"showDT": false},
               "showMetricName": {"showMetricName": true},
               "showMetricUnit": {"showMetricUnit": true},
               "showResourceName": {"showResourceName": false},
               "showSparkline": {"showSparkline": false},
               "title": "VDS Performance MAX",
               "valueSize": 24,
               "visualTheme": 6
            },
            "gridsterCoords": {
               "h": 4,
               "w": 4,
               "x": 9,
               "y": 1
            },
            "height": 210,
            "id": "d45c6524-9459-4aaf-9d8b-7a0fc54627a5",
            "title": "VDS Performance MAX",
            "type": "Scoreboard"
         },
         {
            "collapsed": false,
            "config": {
               "chartViewItems": [],
               "isUpdatedView": true,
               "refreshContent": {"refreshContent": false},
               "refreshInterval": 300,
               "resource": null,
               "selectFirstRow": {"selectFirstRow": true},
               "selfProvider": {"selfProvider": false},
               "title": "Distributed port group List",
               "traversalSpecId": "",
               "viewDefinitionId": "db0348f0-06cf-4432-bfb4-dc054b712a92"
            },
            "gridsterCoords": {
               "h": 6,
               "w": 8,
               "x": 5,
               "y": 5
            },
            "height": 324,
            "id": "c8d4e683-5a0a-43fa-8af7-44b9c9efdc68",
            "title": "Distributed port group List",
            "type": "View"
         },
         {
            "collapsed": false,
            "config": {
               "columnSequence": {"columnSequence": "labelFirst"},
               "customFilter": {
                  "excludedResources": null,
                  "filter": [],
                  "includedResources": null
               },
               "depth": 1,
               "metric": {
                  "mode": "resourceKind",
                  "resourceKindMetrics": [
                     {
                        "colorMethod": 1,
                        "id": "extModel15665-1",
                        "isStringMetric": false,
                        "metricKey": "network|egress|workload",
                        "metricName": "Network|Egress Statistics|Workload",
                        "metricUnitId": "percent",
                        "orangeBound": null,
                        "redBound": null,
                        "resourceKindId": "resourceKind:id:0_::_",
                        "resourceKindName": "vSphere Distributed Switch",
                        "unit": "%",
                        "yellowBound": null
                     },
                     {
                        "colorMethod": 1,
                        "id": "extModel15665-2",
                        "isStringMetric": false,
                        "metricKey": "network|ingress|workload",
                        "metricName": "Network|Ingress Statistics|Workload",
                        "metricUnitId": "percent",
                        "orangeBound": null,
                        "redBound": null,
                        "resourceKindId": "resourceKind:id:0_::_",
                        "resourceKindName": "vSphere Distributed Switch",
                        "unit": "%",
                        "yellowBound": null
                     },
                     {
                        "colorMethod": 1,
                        "id": "extModel15665-3",
                        "isStringMetric": false,
                        "metricKey": "network|usage|workload",
                        "metricName": "Network|Usage|Workload",
                        "metricUnitId": "percent",
                        "orangeBound": null,
                        "redBound": null,
                        "resourceKindId": "resourceKind:id:0_::_",
                        "resourceKindName": "vSphere Distributed Switch",
                        "unit": "%",
                        "yellowBound": null
                     },
                     {
                        "colorMethod": 1,
                        "id": "extModel15665-4",
                        "isStringMetric": false,
                        "metricKey": "ports|workload",
                        "metricName": "Ports|Workload",
                        "metricUnitId": "percent",
                        "orangeBound": null,
                        "redBound": null,
                        "resourceKindId": "resourceKind:id:0_::_",
                        "resourceKindName": "vSphere Distributed Switch",
                        "unit": "%",
                        "yellowBound": null
                     }
                  ],
                  "resourceMetrics": [],
                  "subMode": "resourceKindAll"
               },
               "refreshContent": {"refreshContent": false},
               "refreshInterval": 300,
               "relationshipMode": {"relationshipMode": 0},
               "resInteractionMode": null,
               "resource": [],
               "selfProvider": {"selfProvider": false},
               "showDT": {"showDT": true},
               "showResourceName": {"showObjectName": false},
               "title": "VDS Sparkline Chart"
            },
            "gridsterCoords": {
               "h": 4,
               "w": 4,
               "x": 1,
               "y": 7
            },
            "height": 210,
            "id": "5a28fda5-cb17-4552-8fad-b8e5efa1a637",
            "states": [{
               "key": "permDateRange_widget_375529ce-b165-49c6-be2b-2f8c4f17acd6_5a28fda5-cb17-4552-8fad-b8e5efa1a637",
               "value": "s%3A%7B%22dateRange%22%3A%22dashboardTime%22%2C%22dateFrom%22%3Anull%2C%22dateTo%22%3Anull%2C%22timeFrom%22%3Anull%2C%22timeTo%22%3Anull%7D"
            }],
            "title": "VDS Sparkline Chart",
            "type": "SparklineChart"
         },
         {
            "collapsed": false,
            "config": {
               "boxColumns": 2,
               "boxHeight": null,
               "customFilter": {
                  "excludedResources": null,
                  "filter": [],
                  "includedResources": null
               },
               "depth": 1,
               "labelSize": 16,
               "maxCellCount": 100,
               "metric": {
                  "mode": "resourceKind",
                  "resourceKindMetrics": [
                     {
                        "colorMethod": 1,
                        "id": "extModel16851-1",
                        "isStringMetric": false,
                        "label": "Egress Traffic",
                        "link": "",
                        "metricKey": "network|port_statistics|tx_bytes",
                        "metricName": "Network|Port Statistics|Egress Traffic",
                        "metricUnitId": -1,
                        "orangeBound": null,
                        "redBound": null,
                        "resourceKindId": "resourceKind:id:0_::_",
                        "resourceKindName": "vSphere Distributed Switch",
                        "unit": "Auto",
                        "yellowBound": null
                     },
                     {
                        "colorMethod": 1,
                        "id": "extModel16851-2",
                        "isStringMetric": false,
                        "label": "Ingress Traffic",
                        "link": "",
                        "metricKey": "network|port_statistics|rx_bytes",
                        "metricName": "Network|Port Statistics|Ingress Traffic",
                        "metricUnitId": -1,
                        "orangeBound": null,
                        "redBound": null,
                        "resourceKindId": "resourceKind:id:0_::_",
                        "resourceKindName": "vSphere Distributed Switch",
                        "unit": "Auto",
                        "yellowBound": null
                     },
                     {
                        "colorMethod": 1,
                        "id": "extModel16851-4",
                        "isStringMetric": false,
                        "label": "Port Utilization",
                        "link": "",
                        "metricKey": "network|port_statistics|utilization",
                        "metricName": "Network|Port Statistics|Utilization",
                        "metricUnitId": -1,
                        "orangeBound": null,
                        "redBound": null,
                        "resourceKindId": "resourceKind:id:0_::_",
                        "resourceKindName": "vSphere Distributed Switch",
                        "unit": "Auto",
                        "yellowBound": null
                     },
                     {
                        "colorMethod": 1,
                        "id": "extModel16851-3",
                        "isStringMetric": false,
                        "label": "Used Ports",
                        "link": "",
                        "metricKey": "summary|used_num_ports",
                        "metricName": "Summary|Used Number of Ports",
                        "metricUnitId": null,
                        "orangeBound": null,
                        "redBound": null,
                        "resourceKindId": "resourceKind:id:0_::_",
                        "resourceKindName": "vSphere Distributed Switch",
                        "unit": null,
                        "yellowBound": null
                     }
                  ],
                  "resourceMetrics": [],
                  "subMode": "resourceKindAll"
               },
               "mode": {"layoutMode": "fixedView"},
               "oldMetricValues": false,
               "periodLength": null,
               "refreshContent": {"refreshContent": false},
               "refreshInterval": 300,
               "relationshipMode": {"relationshipMode": 0},
               "resInteractionMode": null,
               "resource": [],
               "roundDecimals": null,
               "selfProvider": {"selfProvider": false},
               "showDT": {"showDT": false},
               "showMetricName": {"showMetricName": true},
               "showMetricUnit": {"showMetricUnit": true},
               "showResourceName": {"showResourceName": false},
               "showSparkline": {"showSparkline": false},
               "title": "VDS Performance score",
               "valueSize": 24,
               "visualTheme": 6
            },
            "gridsterCoords": {
               "h": 4,
               "w": 4,
               "x": 5,
               "y": 1
            },
            "height": 210,
            "id": "aefefa27-9c52-40d2-a0ca-2f8f4ec54c1f",
            "title": "VDS Performance score",
            "type": "Scoreboard"
         },
         {
            "collapsed": false,
            "config": {
               "boxColumns": 2,
               "boxHeight": null,
               "customFilter": {
                  "excludedResources": null,
                  "filter": [],
                  "includedResources": null
               },
               "depth": 1,
               "labelSize": 16,
               "maxCellCount": 100,
               "metric": {
                  "mode": "resourceKind",
                  "resourceKindMetrics": [
                     {
                        "colorMethod": 1,
                        "id": "extModel28265-1",
                        "isStringMetric": false,
                        "link": "",
                        "metricKey": "network|port_statistics|tx_bytes",
                        "metricName": "Network|Port Statistics|Egress Traffic",
                        "metricUnitId": -1,
                        "orangeBound": null,
                        "redBound": null,
                        "resourceKindId": "resourceKind:id:1_::_",
                        "resourceKindName": "vSphere Distributed Port Group",
                        "unit": "Auto",
                        "yellowBound": null
                     },
                     {
                        "colorMethod": 1,
                        "id": "extModel28265-2",
                        "isStringMetric": false,
                        "link": "",
                        "metricKey": "network|port_statistics|rx_bytes",
                        "metricName": "Network|Port Statistics|Ingress Traffic",
                        "metricUnitId": -1,
                        "orangeBound": null,
                        "redBound": null,
                        "resourceKindId": "resourceKind:id:1_::_",
                        "resourceKindName": "vSphere Distributed Port Group",
                        "unit": "Auto",
                        "yellowBound": null
                     },
                     {
                        "colorMethod": 1,
                        "id": "extModel28265-3",
                        "isStringMetric": false,
                        "link": "",
                        "metricKey": "network|port_statistics|utilization",
                        "metricName": "Network|Port Statistics|Utilization",
                        "metricUnitId": -1,
                        "orangeBound": null,
                        "redBound": null,
                        "resourceKindId": "resourceKind:id:1_::_",
                        "resourceKindName": "vSphere Distributed Port Group",
                        "unit": "Auto",
                        "yellowBound": null
                     },
                     {
                        "colorMethod": 1,
                        "id": "extModel28265-4",
                        "isStringMetric": false,
                        "link": "",
                        "metricKey": "summary|used_num_ports",
                        "metricName": "Summary|Used Number of Ports",
                        "metricUnitId": null,
                        "orangeBound": null,
                        "redBound": null,
                        "resourceKindId": "resourceKind:id:1_::_",
                        "resourceKindName": "vSphere Distributed Port Group",
                        "unit": null,
                        "yellowBound": null
                     }
                  ],
                  "resourceMetrics": [],
                  "subMode": "resourceKindAll"
               },
               "mode": {"layoutMode": "fixedView"},
               "oldMetricValues": false,
               "periodLength": null,
               "refreshContent": {"refreshContent": false},
               "refreshInterval": 300,
               "relationshipMode": {"relationshipMode": 0},
               "resInteractionMode": null,
               "resource": [],
               "roundDecimals": null,
               "selfProvider": {"selfProvider": false},
               "showDT": {"showDT": false},
               "showMetricName": {"showMetricName": true},
               "showMetricUnit": {"showMetricUnit": true},
               "showResourceName": {"showResourceName": false},
               "showSparkline": {"showSparkline": false},
               "title": "Distributed port group Performance",
               "valueSize": 24,
               "visualTheme": 6
            },
            "gridsterCoords": {
               "h": 4,
               "w": 4,
               "x": 5,
               "y": 11
            },
            "height": 210,
            "id": "305e9c05-9278-43df-9be9-73a06f03d477",
            "title": "Distributed port group Performance",
            "type": "Scoreboard"
         },
         {
            "collapsed": false,
            "config": {
               "boxColumns": 2,
               "boxHeight": null,
               "customFilter": {
                  "excludedResources": null,
                  "filter": [],
                  "includedResources": null
               },
               "depth": 1,
               "labelSize": 16,
               "maxCellCount": 100,
               "metric": {
                  "mode": "resourceKind",
                  "resourceKindMetrics": [
                     {
                        "colorMethod": 1,
                        "id": "extModel27560-1",
                        "isStringMetric": false,
                        "link": "",
                        "metricKey": "network|port_statistics|maxObserved_tx_bytes",
                        "metricName": "Network|Port Statistics|Max Observed Egress Traffic",
                        "metricUnitId": -1,
                        "orangeBound": null,
                        "redBound": null,
                        "resourceKindId": "resourceKind:id:1_::_",
                        "resourceKindName": "vSphere Distributed Port Group",
                        "unit": "Auto",
                        "yellowBound": null
                     },
                     {
                        "colorMethod": 1,
                        "id": "extModel27560-2",
                        "isStringMetric": false,
                        "link": "",
                        "metricKey": "network|port_statistics|maxObserved_rx_bytes",
                        "metricName": "Network|Port Statistics|Max Observed Ingress Traffic",
                        "metricUnitId": -1,
                        "orangeBound": null,
                        "redBound": null,
                        "resourceKindId": "resourceKind:id:1_::_",
                        "resourceKindName": "vSphere Distributed Port Group",
                        "unit": "Auto",
                        "yellowBound": null
                     },
                     {
                        "colorMethod": 1,
                        "id": "extModel27560-3",
                        "isStringMetric": false,
                        "link": "",
                        "metricKey": "network|port_statistics|maxObserved_utilization",
                        "metricName": "Network|Port Statistics|Max Observed Utilization",
                        "metricUnitId": -1,
                        "orangeBound": null,
                        "redBound": null,
                        "resourceKindId": "resourceKind:id:1_::_",
                        "resourceKindName": "vSphere Distributed Port Group",
                        "unit": "Auto",
                        "yellowBound": null
                     },
                     {
                        "colorMethod": 1,
                        "id": "extModel27560-4",
                        "isStringMetric": false,
                        "link": "",
                        "metricKey": "summary|max_num_ports",
                        "metricName": "Summary|Maximum Number of Ports",
                        "metricUnitId": null,
                        "orangeBound": null,
                        "redBound": null,
                        "resourceKindId": "resourceKind:id:1_::_",
                        "resourceKindName": "vSphere Distributed Port Group",
                        "unit": null,
                        "yellowBound": null
                     }
                  ],
                  "resourceMetrics": [],
                  "subMode": "resourceKindAll"
               },
               "mode": {"layoutMode": "fixedView"},
               "oldMetricValues": false,
               "periodLength": null,
               "refreshContent": {"refreshContent": false},
               "refreshInterval": 300,
               "relationshipMode": {"relationshipMode": 0},
               "resInteractionMode": null,
               "resource": [],
               "roundDecimals": null,
               "selfProvider": {"selfProvider": false},
               "showDT": {"showDT": false},
               "showMetricName": {"showMetricName": true},
               "showMetricUnit": {"showMetricUnit": true},
               "showResourceName": {"showResourceName": false},
               "showSparkline": {"showSparkline": false},
               "title": "Distributed port group Max Performance",
               "valueSize": 24,
               "visualTheme": 6
            },
            "gridsterCoords": {
               "h": 4,
               "w": 4,
               "x": 9,
               "y": 11
            },
            "height": 210,
            "id": "41833c8a-c026-4bf5-b134-fc24aca6d6c0",
            "title": "Distributed port group Max Performance",
            "type": "Scoreboard"
         },
         {
            "collapsed": false,
            "config": {
               "chartViewItems": [],
               "isUpdatedView": true,
               "refreshContent": {"refreshContent": false},
               "refreshInterval": 300,
               "resource": null,
               "selectFirstRow": {"selectFirstRow": false},
               "selfProvider": {"selfProvider": false},
               "title": "VDS Hosts",
               "traversalSpecId": "",
               "viewDefinitionId": "a51a6ea4-b2a2-423f-adc7-645018c4f7d5"
            },
            "gridsterCoords": {
               "h": 6,
               "w": 4,
               "x": 1,
               "y": 11
            },
            "height": 324,
            "id": "ff4ccb98-c0f6-49e6-8268-9dc49a26241e",
            "title": "VDS Hosts",
            "type": "View"
         },
         {
            "collapsed": false,
            "config": {},
            "gridsterCoords": {
               "h": 9,
               "w": 8,
               "x": 5,
               "y": 15
            },
            "height": 495,
            "id": "c445efdd-9cc7-49a3-81e6-56fecfb29d4a",
            "states": [{
               "key": "perm_ResourceRelationshipTree_widget_375529ce-b165-49c6-be2b-2f8c4f17acd6_c445efdd-9cc7-49a3-81e6-56fecfb29d4a",
               "value": "o%3A"
            }],
            "title": "Object Relationship (Advanced)",
            "type": "ResourceRelationshipAdvanced"
         },
         {
            "collapsed": false,
            "config": {},
            "gridsterCoords": {
               "h": 7,
               "w": 4,
               "x": 1,
               "y": 17
            },
            "height": 381,
            "id": "079d9c4e-afa0-4943-886e-7bda45554106",
            "title": "Workload Pattern",
            "type": "IntSummaryStress"
         }
      ]
   }],
   "entries": {
      "resource": [{
         "adapterKindKey": "VMWARE",
         "identifiers": [],
         "internalId": "resource:id:0_::_",
         "name": "vSphere World",
         "resourceKindKey": "vSphere World"
      }],
      "resourceKind": [
         {
            "adapterKindKey": "VMWARE",
            "internalId": "resourceKind:id:1_::_",
            "resourceKindKey": "DistributedVirtualPortgroup"
         },
         {
            "adapterKindKey": "VMWARE",
            "internalId": "resourceKind:id:0_::_",
            "resourceKindKey": "VmwareDistributedVirtualSwitch"
         }
      ]
   },
   "uuid": "5b76556b-2da2-4d01-9cdb-56a9145d8358"
}